<?xml version="1.0" encoding="utf-8"?>
<odoo>
	<data noupdate="1">
		<record id="group_coas_user" model="res.groups">
	        <field name="name">Show Chart of Account Structure</field>
	        <field name="implied_ids" eval="[(4, ref('account.group_account_user'))]"/>
	        <field name="users" eval="[(4, ref('base.user_root')),(4, ref('base.user_admin'))]"/>
	    </record>
	</data>
	<!-- Each user with Show Chart of account structure group will be added to the group 'account.group_fiscal_year' also. -->
	<data noupdate="1">
	    <record id="account_parent.group_coas_user" model="res.groups">
	        <field name="implied_ids" eval="[(4, ref('account.group_fiscal_year'))]"/>
	    </record>
	</data>
</odoo>