<?xml version="1.0" encoding="utf-8"?>
<odoo>
<data noupdate="1">
    <record id="user_recent_log_rule" model="ir.rule">
        <field name="name">Recent Logs</field>
        <field name="model_id" ref="model_user_recent_log"/>
        <field name="groups" eval="[(4, ref('base.group_user'))]"/>
        <field name="domain_force">['|',('user_id','=',False),
            ('user_id','=',user.id)]</field>
    </record>
    <record id="user_recent_log_rule_admin" model="ir.rule">
        <field name="name">Recent Logs : Admin</field>
        <field name="model_id" ref="model_user_recent_log"/>
        <field name="groups" eval="[(4, ref('base.group_system'))]"/>
        <field name="domain_force">[(1, '=', 1)]</field>
    </record>
</data>
</odoo>
