<?xml version="1.0" encoding="utf-8"?>
<odoo>
  <data>
  

	
    <!-- <record id="sale_order_form" model="ir.ui.view"> -->
      <!-- <field name="name">sale.order.pallet.form</field> -->
      <!-- <field name="model">sale.order</field> -->
      <!-- <field name="inherit_id" ref="sale.view_order_form" /> -->
      <!-- <field name="arch" type="xml"> -->
           <!-- <xpath expr="//page[@name='other_information']" position="after"> -->
				<!-- <page name='pallets' string='Pallets'> -->
					<!-- <group> -->

						<!-- <group> -->

						<!-- </group> -->
					<!-- </group> -->
				<!-- </page> -->
		   <!-- </xpath> -->
		   
		   <!-- <xpath expr="/form/header/button[4]" position="before"> -->
                    <!-- <button name="insert_data" type="object" -->
                            <!-- string="Creer les Pallets" /> -->
           <!-- </xpath> -->
      <!-- </field> -->
    <!-- </record> -->
	

	
	<record id="product_pallet_form" model="ir.ui.view">
      <field name="name">product.pallet.form</field>
      <field name="model">product.product</field>
      <field name="inherit_id" ref="product.product_normal_form_view" />
      <field name="arch" type="xml">
            <xpath expr="//div[@name='options']" position="before">
                <div>
                    <field name="is_pallet"/>
                    <label for="is_pallet"/>
                </div>
            </xpath>
           <xpath expr="//page[@name='general_information']" position="after">
				<page name='pallets' string='Pallets'>
					<group>
					  <group>
						<field name="pallet"/>
						<field name="qty_par_pallet" />
						<field name="qty_min_par_pallet"/>
					  </group>
					</group>
				</page>
		   </xpath>
      </field>
    </record>

    
    <!-- <record id="vpicktree" model="ir.ui.view"> -->
      <!-- <field name="name">stock.picking.pallet.tree</field> -->
      <!-- <field name="model">stock.picking</field> -->
      <!-- <field name="inherit_id" ref="stock.vpicktree" /> -->
      <!-- <field name="priority">99</field> -->
      <!-- <field name="arch" type="xml"> -->
        <!-- <field name="state" position='before'> -->
          <!-- <field name="calc_pallets" sum="Total nbr Pallets"/> -->
        <!-- </field> -->
      <!-- </field> -->
    <!-- </record> -->
    
    <!-- <record id="view_picking_withcarrier_out_form" model="ir.ui.view"> -->
      <!-- <field name="name">stock.picking.pallet.form</field> -->
      <!-- <field name="model">stock.picking</field> -->
      <!-- <field name="inherit_id" ref="delivery.view_picking_withcarrier_out_form" /> -->
      <!-- <field name="arch" type="xml"> -->
        <!-- <field name="carrier_id" position='before'> -->
          <!-- <field name="calc_pallets" /> -->
        <!-- </field> -->
      <!-- </field> -->
    <!-- </record> -->
    
  </data>
</odoo>