<?xml version="1.0" encoding="utf-8"?>
<!-- Copyright Nova Code (http://www.novacode.nl)
See LICENSE file for full copyright and licensing details. -->

<odoo>
    <data>
        <record id="website_editor_unsanitize_html_field_admin" model="ir.model.access">
            <field name="name">website.editor.unsanitize.html.field: Admin</field>
            <field name="model_id" ref="website_editor_unsanitize_html_field.model_website_editor_unsanitize_html_field"/>
            <field name="group_id" ref="website.group_website_designer"/>
            <field name="perm_read" eval="1"/>
            <field name="perm_create" eval="1"/>
            <field name="perm_write" eval="1"/>
            <field name="perm_unlink" eval="1"/>
        </record>
    </data>
</odoo>
