<?xml version="1.0" encoding="UTF-8"?>
<templates id="template" xml:space="preserve">
    <t t-name="Clock">
        <li class="o_clock">
            <a class="main_clock" />
        </li>
    </t>

    <div t-name="AnalogClock" class="o_clock_analog">
		<div class="hours-container">
			<div class="hours"></div>
		</div>
		<div class="minutes-container">
			<div class="minutes"></div>
		</div>
		<div class="seconds-container">
			<div class="seconds"></div>
		</div>
    </div>
</templates>