<?xml version="1.0" encoding="utf-8" ?>
<odoo>

    <template id="counter_4" name="Counter 4">
        <section class="counter_4 mt64 mb64">
            <div class="container">
                <div class="row">
                    <div class="col-md-3 col-sm-6">
                        <div class="counter state-counter">
                            <div class="counter-content count_to">
                                <div class="counter-icon">
                                    <i class="fa fa-globe"></i>
                                </div>
                                <div class="odometer counter-value" contentEditable="False"
                                     data-number="500"
                                     data-duration="7070"/>

                                <h3 class="title">Web Design</h3>
                            </div>
                        </div>
                    </div>

                    <div class="col-md-3 col-sm-6">
                        <div class="counter yellow state-counter">
                            <div class="counter-content count_to">
                                <div class="counter-icon">
                                    <i class="fa fa-rocket"></i>
                                </div>
                                <div class="odometer counter-value" contentEditable="False"
                                     data-number="700"
                                     data-duration="5300"/>

                                <h3 class="title">Web Development</h3>
                            </div>
                        </div>
                    </div>

                    <div class="col-md-3 col-sm-6">
                        <div class="counter green state-counter">
                            <div class="counter-content count_to">
                                <div class="counter-icon">
                                    <i class="fa fa-briefcase"></i>
                                </div>
                                <div class="odometer counter-value" contentEditable="False"
                                     data-number="2000"
                                     data-duration="3000"/>

                                <h3 class="title">Brand Building</h3>
                            </div>
                        </div>
                    </div>

                    <div class="col-md-3 col-sm-6">
                        <div class="counter blue state-counter">
                            <div class="counter-content count_to">
                                <div class="counter-icon">
                                    <i class="fa fa-mobile"></i>
                                </div>
                                <div class="odometer counter-value" contentEditable="False"
                                     data-number="3000"
                                     data-duration="3000"/>

                                <h3 class="title">Responsive Design</h3>
                            </div>
                        </div>
                    </div>
                </div>
            </div>
        </section>

    </template>
</odoo>