<?xml version="1.0" encoding="utf-8" ?>
<odoo>

    <template id="counter_1" name="Counter 1">
        <section class="counter_1 mt64 mb64 state_counter_bg">
            <div class="container">
                <div class="row">
                    <div class="col-md-12 state_text">
                        <div class="row">
                            <div class="col-md-3 pad0 text-center">
                                <section class="state-counter counter red">
                                    <div class="counter-content count_to">
                                        <div class="counter-icon fa fa-rocket"></div>
                                        <div class="odometer" contentEditable="False" data-number="987"
                                             data-duration="3000"/>
                                    </div>
                                    <h3 class="title">Web Development</h3>
                                </section>
                            </div>
                            <div class="col-md-3 pad0 text-center">
                                <section class="state-counter counter blue">
                                    <div class="counter-content count_to">
                                        <div class="counter-icon fa fa-briefcase"></div>
                                        <div class="odometer" contentEditable="False" data-number="678"
                                             data-duration="3000"/>

                                    </div>
                                    <h3 class="title">Brand Building</h3>
                                </section>
                            </div>
                            <div class="col-md-3 pad0 text-center">
                                <section class="state-counter counter">
                                    <div class="counter-content count_to">
                                        <div class="counter-icon fa fa-globe"></div>
                                        <div class="odometer counter-value" contentEditable="False"
                                             data-number="520"
                                             data-duration="3000"/>
                                    </div>
                                    <h3 class="title">Web Design</h3>
                                </section>
                            </div>
                            <div class="col-md-3 pad0 text-center">
                                <section class="state-counter counter purple">
                                    <div class="counter-content count_to">
                                        <div class="counter-icon fa fa-mobile"></div>
                                        <div class="odometer" contentEditable="False" data-number="540"
                                             data-duration="3000"/>

                                    </div>
                                    <h3 class="title">Responsive Design</h3>
                                </section>
                            </div>
                        </div>
                    </div>
                </div>
            </div>
        </section>

    </template>
</odoo>