<?xml version="1.0" encoding="utf-8" ?>
<odoo>

    <template id="our_service_3" name="Our Service 3">
        <section class="service_3 mt64 mb64">
            <div class="container">
                <div class="row">
                    <div class="col-md-3 col-sm-6">
                        <div class="serviceBox">
                            <div class="service-icon">
                                <i class="fa fa-laptop"></i>
                            </div>
                            <h3>Web Design</h3>
                            <p>Lorem ipsum dolor sit amet, consectetur adipisicing elit. Ad culpa dignissimos
                                distinctio ea eius laborum nesciunt qui quis quisquam quos!
                            </p>
                            <a class="read" href="#">Read more</a>
                        </div>
                    </div>

                    <div class="col-md-3 col-sm-6">
                        <div class="serviceBox">
                            <div class="service-icon">
                                <i class="fa fa-briefcase"></i>
                            </div>
                            <h3>Responsive Desgin</h3>
                            <p>Lorem ipsum dolor sit amet, consectetur adipisicing elit. Ad culpa dignissimos
                                distinctio ea eius laborum nesciunt qui quis quisquam quos!
                            </p>
                            <a class="read" href="#">Read more</a>
                        </div>
                    </div>

                    <div class="col-md-3 col-sm-6">
                        <div class="serviceBox">
                            <div class="service-icon">
                                <i class="fa fa-mobile"></i>
                            </div>
                            <h3>Retina Ready</h3>
                            <p>Lorem ipsum dolor sit amet, consectetur adipisicing elit. Ad culpa dignissimos
                                distinctio ea eius laborum nesciunt qui quis quisquam quos!
                            </p>
                            <a class="read" href="#">Read more</a>
                        </div>
                    </div>

                    <div class="col-md-3 col-sm-6">
                        <div class="serviceBox">
                            <div class="service-icon">
                                <i class="fa fa-rocket"></i>
                            </div>
                            <h3>Web Development</h3>
                            <p>Lorem ipsum dolor sit amet, consectetur adipisicing elit. Ad culpa dignissimos
                                distinctio ea eius laborum nesciunt qui quis quisquam quos!
                            </p>
                            <a class="read" href="#">Read more</a>
                        </div>
                    </div>
                </div>
            </div>
        </section>

    </template>
</odoo>