<?xml version="1.0" encoding="utf-8" ?>
<odoo>

    <template id="our_service_1" name="Our Service 1">
        <section class="service_1 mt64 mb64">
            <div class="container">
                <div class="row">
                    <div class="col-md-3 col-sm-6">
                        <div class="serviceBox">
                            <div class="service-icon"></div>
                            <h3 class="title">Web Design</h3>
                            <p class="description">
                                Lorem ipsum dolor sit amet consectetur adipisicing elit. Qui quaerat fugit quas
                                veniam perferendis repudiandae sequi, dolore quisquam illum.
                            </p>
                        </div>
                    </div>

                    <div class="col-md-3 col-sm-6">
                        <div class="serviceBox purple">
                            <div class="service-icon"></div>
                            <h3 class="title">Web Development</h3>
                            <p class="description">
                                Lorem ipsum dolor sit amet consectetur adipisicing elit. Qui quaerat fugit quas
                                veniam perferendis repudiandae sequi, dolore quisquam illum.
                            </p>
                        </div>
                    </div>

                    <div class="col-md-3 col-sm-6">
                        <div class="serviceBox green">
                            <div class="service-icon"></div>
                            <h3 class="title">Brand Building</h3>
                            <p class="description">
                                Lorem ipsum dolor sit amet consectetur adipisicing elit. Qui quaerat fugit quas
                                veniam perferendis repudiandae sequi, dolore quisquam illum.
                            </p>
                        </div>
                    </div>

                    <div class="col-md-3 col-sm-6">
                        <div class="serviceBox red">
                            <div class="service-icon"></div>
                            <h3 class="title">Responsive Design</h3>
                            <p class="description">
                                Lorem ipsum dolor sit amet consectetur adipisicing elit. Qui quaerat fugit quas
                                veniam perferendis repudiandae sequi, dolore quisquam illum.
                            </p>
                        </div>
                    </div>
                </div>
            </div>
        </section>

    </template>
</odoo>