<?xml version="1.0" encoding="utf-8" ?>
<odoo>

    <template id="our_team_3" name="Our Team 3">
        <section class="our_team_3 mt64 mb64">
            <div class="container">
                <div class="row">
                    <div class="col-md-3 col-sm-6">
                        <div class="our-team">
                            <img src="/tecspek_customize_theme/static/src/img/img-1.jpg" alt=""/>
                            <div class="team-content">
                                <h3 class="team-title">Williamson</h3>
                                <span class="post">Web Developer</span>
                                <p class="description">
                                    Lorem ipsum dolor sit amet, consectetur adipisicing elit. Distinctio
                                    exercitationem facilis laborum perferendis quasi, ratione.
                                </p>
                            </div>
                            <a href="#" class="read">
                                <i class="fa fa-plus"></i>
                            </a>
                        </div>
                    </div>

                    <div class="col-md-3 col-sm-6">
                        <div class="our-team">
                            <img src="/tecspek_customize_theme/static/src/img/img-2.jpg" alt=""/>
                            <div class="team-content">
                                <h3 class="team-title">Kristiana</h3>
                                <span class="post">Web Designer</span>
                                <p class="description">
                                    Lorem ipsum dolor sit amet, consectetur adipisicing elit. Distinctio
                                    exercitationem facilis laborum perferendis quasi, ratione.
                                </p>
                            </div>
                            <a href="#" class="read">
                                <i class="fa fa-plus"></i>
                            </a>
                        </div>
                    </div>

                    <div class="col-md-3 col-sm-6">
                        <div class="our-team">
                            <img src="/tecspek_customize_theme/static/src/img/img-3.jpg" alt=""/>
                            <div class="team-content">
                                <h3 class="team-title">Steve Thomas</h3>
                                <span class="post">Web Developer</span>
                                <p class="description">
                                    Lorem ipsum dolor sit amet, consectetur adipisicing elit. Distinctio
                                    exercitationem facilis laborum perferendis quasi, ratione.
                                </p>
                            </div>
                            <a href="#" class="read">
                                <i class="fa fa-plus"></i>
                            </a>
                        </div>
                    </div>

                    <div class="col-md-3 col-sm-6">
                        <div class="our-team">
                            <img src="/tecspek_customize_theme/static/src/img/img-4.jpg" alt=""/>
                            <div class="team-content">
                                <h3 class="team-title">Miranda joy</h3>
                                <span class="post">Web Designer</span>
                                <p class="description">
                                    Lorem ipsum dolor sit amet, consectetur adipisicing elit. Distinctio
                                    exercitationem facilis laborum perferendis quasi, ratione.
                                </p>
                            </div>
                            <a href="#" class="read">
                                <i class="fa fa-plus"></i>
                            </a>
                        </div>
                    </div>
                </div>
            </div>
        </section>

    </template>
</odoo>