<?xml version="1.0" encoding="utf-8" ?>
<odoo>

    <template id="our_team_4" name="Our Team 4">
        <section class="our_team_4 mt64 mb64">
            <div class="container">
                <div class="row">
                    <div class="col-md-3 col-sm-6">
                        <div class="our-team">
                            <img src="/tecspek_customize_theme/static/src/img/img-11.jpg"/>
                            <div class="team-content">
                                <h3 class="title">Williamson</h3>
                                <span class="post">web developer</span>
                                <ul class="social">
                                    <li>
                                        <a href="#">
                                            <i class="fa fa-facebook"></i>
                                        </a>
                                    </li>
                                    <li>
                                        <a href="#">
                                            <i class="fa fa-google-plus"></i>
                                        </a>
                                    </li>
                                    <li>
                                        <a href="#">
                                            <i class="fa fa-twitter"></i>
                                        </a>
                                    </li>
                                    <li>
                                        <a href="#">
                                            <i class="fa fa-linkedin"></i>
                                        </a>
                                    </li>
                                </ul>
                            </div>
                        </div>
                    </div>

                    <div class="col-md-3 col-sm-6">
                        <div class="our-team">
                            <img src="/tecspek_customize_theme/static/src/img/img-22.jpg"/>
                            <div class="team-content">
                                <h3 class="title">kristina</h3>
                                <span class="post">Web Designer</span>
                                <ul class="social">
                                    <li>
                                        <a href="#">
                                            <i class="fa fa-facebook"></i>
                                        </a>
                                    </li>
                                    <li>
                                        <a href="#">
                                            <i class="fa fa-google-plus"></i>
                                        </a>
                                    </li>
                                    <li>
                                        <a href="#">
                                            <i class="fa fa-twitter"></i>
                                        </a>
                                    </li>
                                    <li>
                                        <a href="#">
                                            <i class="fa fa-linkedin"></i>
                                        </a>
                                    </li>
                                </ul>
                            </div>
                        </div>
                    </div>

                    <div class="col-md-3 col-sm-6">
                        <div class="our-team">
                            <img src="/tecspek_customize_theme/static/src/img/img-33.jpg"/>
                            <div class="team-content">
                                <h3 class="title">Steve Thomas</h3>
                                <span class="post">web developer</span>
                                <ul class="social">
                                    <li>
                                        <a href="#">
                                            <i class="fa fa-facebook"></i>
                                        </a>
                                    </li>
                                    <li>
                                        <a href="#">
                                            <i class="fa fa-google-plus"></i>
                                        </a>
                                    </li>
                                    <li>
                                        <a href="#">
                                            <i class="fa fa-twitter"></i>
                                        </a>
                                    </li>
                                    <li>
                                        <a href="#">
                                            <i class="fa fa-linkedin"></i>
                                        </a>
                                    </li>
                                </ul>
                            </div>
                        </div>
                    </div>

                    <div class="col-md-3 col-sm-6">
                        <div class="our-team">
                            <img src="/tecspek_customize_theme/static/src/img/img-44.jpg"/>
                            <div class="team-content">
                                <h3 class="title">Miranda joy</h3>
                                <span class="post">Web Designer</span>
                                <ul class="social">
                                    <li>
                                        <a href="#">
                                            <i class="fa fa-facebook"></i>
                                        </a>
                                    </li>
                                    <li>
                                        <a href="#">
                                            <i class="fa fa-google-plus"></i>
                                        </a>
                                    </li>
                                    <li>
                                        <a href="#">
                                            <i class="fa fa-twitter"></i>
                                        </a>
                                    </li>
                                    <li>
                                        <a href="#">
                                            <i class="fa fa-linkedin"></i>
                                        </a>
                                    </li>
                                </ul>
                            </div>
                        </div>
                    </div>
                </div>
            </div>
        </section>

    </template>
</odoo>