<?xml version="1.0" encoding="utf-8" ?>
<odoo>

    <template id="price_table_4" name="Our Price Table 4">
        <section class="price_table_4 mt64 mb64">
            <div class="container">
                <div class="row">
                    <div class="col-md-3 col-sm-6">
                        <div class="pricingTable">
                            <div class="pricingTable-header">
                                <h4>Standard</h4>
                                <span>Lorem ipsum dolor sit</span>
                                <span class="price-value">$
                                    <span>10</span>
                                </span>
                            </div>

                            <div class="pricingContent">
                                <ul>
                                    <li>
                                        <b>50GB</b>
                                        Disk Space
                                    </li>
                                    <li>
                                        <b>50</b>
                                        Email Accounts
                                    </li>
                                    <li>
                                        <b>50GB</b>
                                        Monthly Bandwidth
                                    </li>
                                    <li>
                                        <b>10</b>
                                        subdomains
                                    </li>
                                    <li>
                                        <b>50</b>
                                        Domains
                                    </li>
                                </ul>
                            </div><!-- /  CONTENT BOX-->

                            <div class="pricingTable-sign-up"><!-- BUTTON BOX-->
                                <a href="#" class="btn btn-block btn-default">sign up</a>
                            </div><!-- BUTTON BOX-->
                        </div>
                    </div>

                    <div class="col-md-3 col-sm-6">
                        <div class="pricingTable">
                            <div class="pricingTable-header">
                                <h4>Business</h4>
                                <span>Lorem ipsum dolor sit</span>
                                <span class="price-value">$
                                    <span>20</span>
                                </span>
                            </div>

                            <div class="pricingContent">
                                <ul>
                                    <li>
                                        <b>70GB</b>
                                        Disk Space
                                    </li>
                                    <li>
                                        <b>70</b>
                                        Email Accounts
                                    </li>
                                    <li>
                                        <b>70GB</b>
                                        Monthly Bandwidth
                                    </li>
                                    <li>
                                        <b>20</b>
                                        subdomains
                                    </li>
                                    <li>
                                        <b>70</b>
                                        Domains
                                    </li>
                                </ul>
                            </div><!-- /  CONTENT BOX-->

                            <div class="pricingTable-sign-up"><!-- BUTTON BOX-->
                                <a href="#" class="btn btn-block btn-default">sign up</a>
                            </div><!-- BUTTON BOX-->
                        </div>
                    </div>

                    <div class="col-md-3 col-sm-6">
                        <div class="pricingTable">
                            <div class="pricingTable-header">
                                <h4>Premium</h4>
                                <span>Lorem ipsum dolor sit</span>
                                <span class="price-value">$
                                    <span>30</span>
                                </span>
                            </div>

                            <div class="pricingContent">
                                <ul>
                                    <li>
                                        <b>80GB</b>
                                        Disk Space
                                    </li>
                                    <li>
                                        <b>80</b>
                                        Email Accounts
                                    </li>
                                    <li>
                                        <b>80GB</b>
                                        Monthly Bandwidth
                                    </li>
                                    <li>
                                        <b>30</b>
                                        subdomains
                                    </li>
                                    <li>
                                        <b>80</b>
                                        Domains
                                    </li>
                                </ul>
                            </div><!-- /  CONTENT BOX-->

                            <div class="pricingTable-sign-up"><!-- BUTTON BOX-->
                                <a href="#" class="btn btn-block btn-default">sign up</a>
                            </div><!-- BUTTON BOX-->
                        </div>
                    </div>

                    <div class="col-md-3 col-sm-6">
                        <div class="pricingTable">
                            <div class="pricingTable-header">
                                <h4>Extra</h4>
                                <span>Lorem ipsum dolor sit</span>
                                <span class="price-value">$
                                    <span>40</span>
                                </span>
                            </div>

                            <div class="pricingContent">
                                <ul>
                                    <li>
                                        <b>90GB</b>
                                        Disk Space
                                    </li>
                                    <li>
                                        <b>90</b>
                                        Email Accounts
                                    </li>
                                    <li>
                                        <b>90GB</b>
                                        Monthly Bandwidth
                                    </li>
                                    <li>
                                        <b>40</b>
                                        subdomains
                                    </li>
                                    <li>
                                        <b>90</b>
                                        Domains
                                    </li>
                                </ul>
                            </div><!-- /  CONTENT BOX-->

                            <div class="pricingTable-sign-up"><!-- BUTTON BOX-->
                                <a href="#" class="btn btn-block btn-default">sign up</a>
                            </div><!-- BUTTON BOX-->
                        </div>
                    </div>
                </div>
            </div>
        </section>

    </template>
</odoo>