<?xml version="1.0" encoding="utf-8" ?>
<odoo>

    <template id="price_table_2" name="Our Price Table 2">
        <section class="price_table_2 bg-gray-lighter">
            <div class="container">
                <div class="row mt64 mb64 ">
                    <div class="col-sm-4">
                        <div class="pricingTable">
                            <div class="pricingTable-header">
                                <span class="price-value"><span class="currency">$</span>20
                                    <span class="mo">per month</span>
                                </span>
                                <span class="heading">
                                    <h3>Standard</h3>
                                </span>
                            </div>

                            <div class="pricingContent">
                                <ul>
                                    <li>
                                        <a href="#">
                                            <b>50GB</b>
                                            Disk Space
                                        </a>
                                    </li>
                                    <li>
                                        <a href="#">
                                            <b>50</b>
                                            Email Accounts
                                        </a>
                                    </li>
                                    <li>
                                        <a href="#">
                                            <b>50GB</b>
                                            Monthly Bandwidth
                                        </a>
                                    </li>
                                    <li>
                                        <a href="#">
                                            <b>50</b>
                                            Domains
                                        </a>
                                    </li>
                                    <li>
                                        <a href="#">
                                            <b>Unlimited</b>
                                            Subdomains
                                        </a>
                                    </li>
                                </ul>
                            </div><!-- /  CONTENT BOX-->

                            <div class="pricingTable-sign-up">
                                <a href="#" class="btn btn-block btn-default">sign up</a>
                            </div><!-- BUTTON BOX-->
                        </div>
                    </div>

                    <div class="col-sm-4">
                        <div class="pricingTable mid">
                            <div class="pricingTable-header">
                                <span class="price-value"><span class="currency">$</span>30
                                    <span class="mo">per month</span>
                                    <span class="icon">
                                        <i class="fa fa-star"></i>
                                    </span>
                                </span>
                                <span class="heading">
                                    <h3>Business</h3>
                                </span>
                            </div>

                            <div class="pricingContent">
                                <ul>
                                    <li>
                                        <a href="#">
                                            <b>50GB</b>
                                            Disk Space
                                        </a>
                                    </li>
                                    <li>
                                        <a href="#">
                                            <b>50</b>
                                            Email Accounts
                                        </a>
                                    </li>
                                    <li>
                                        <a href="#">
                                            <b>50GB</b>
                                            Monthly Bandwidth
                                        </a>
                                    </li>
                                    <li>
                                        <a href="#">
                                            <b>50</b>
                                            Domains
                                        </a>
                                    </li>
                                    <li>
                                        <a href="#">
                                            <b>Unlimited</b>
                                            Subdomains
                                        </a>
                                    </li>
                                </ul>
                            </div><!-- /  CONTENT BOX-->

                            <div class="pricingTable-sign-up">
                                <a href="#" class="btn btn-block btn-default">sign up</a>
                            </div><!-- BUTTON BOX-->
                        </div>
                    </div>

                    <div class="col-sm-4">
                        <div class="pricingTable">
                            <div class="pricingTable-header">
                                <span class="price-value"><span class="currency">$</span>40
                                    <span class="mo">per month</span>
                                </span>
                                <span class="heading">
                                    <h3>Premium</h3>
                                </span>
                            </div>

                            <div class="pricingContent">
                                <ul>
                                    <li>
                                        <a href="#">
                                            <b>50GB</b>
                                            Disk Space
                                        </a>
                                    </li>
                                    <li>
                                        <a href="#">
                                            <b>50</b>
                                            Email Accounts
                                        </a>
                                    </li>
                                    <li>
                                        <a href="#">
                                            <b>50GB</b>
                                            Monthly Bandwidth
                                        </a>
                                    </li>
                                    <li>
                                        <a href="#">
                                            <b>50</b>
                                            Domains
                                        </a>
                                    </li>
                                    <li>
                                        <a href="#">
                                            <b>Unlimited</b>
                                            Subdomains
                                        </a>
                                    </li>
                                </ul>
                            </div><!-- /  CONTENT BOX-->

                            <div class="pricingTable-sign-up">
                                <a href="#" class="btn btn-block btn-default">sign up</a>
                            </div><!-- BUTTON BOX-->
                        </div>
                    </div>
                </div>
            </div>
        </section>

    </template>
</odoo>