<?xml version="1.0" encoding="utf-8" ?>
<odoo>

    <template id="price_table_1" name="Our Price Table 1">
        <section class="price_table_1 mt64 mb64">
            <div class="container">
                <div class="row">
                    <div class="col-md-3 col-sm-6">
                        <div class="pricingTable">
                            <div class="pricingTable-header">
                                <span class="heading">
                                    <h3>Standard</h3>
                                    <span class="subtitle">Lorem ipsum dolor</span>
                                </span>
                                <span class="price-value">
                                    <i class="fa fa-usd"></i>
                                    <span>10</span>
                                    <span class="mo">year</span>
                                </span>
                            </div>

                            <div class="pricingContent">
                                <ul>
                                    <li>
                                        <b>50GB</b>
                                        Disk Space
                                    </li>
                                    <li>
                                        <b>50</b>
                                        Email Accounts
                                    </li>
                                    <li>
                                        <b>50GB</b>
                                        Monthly Bandwidth
                                    </li>
                                    <li>
                                        <b>50</b>
                                        Domains
                                    </li>
                                    <li>
                                        <b>Unlimited</b>
                                        Subdomains
                                    </li>
                                </ul>
                            </div><!-- /  CONTENT BOX-->

                            <div class="pricingTable-sign-up">
                                <a href="#" class="btn btn-block btn-default">sign up</a>
                            </div><!-- BUTTON BOX-->
                        </div>
                    </div>

                    <div class="col-md-3 col-sm-6">
                        <div class="pricingTable">
                            <div class="pricingTable-header">
                                <span class="heading">
                                    <h3>Business</h3>
                                    <span class="subtitle">Lorem ipsum dolor</span>
                                </span>
                                <span class="price-value">
                                    <i class="fa fa-usd"></i>
                                    <span>20</span>
                                    <span class="mo">year</span>
                                </span>
                            </div>

                            <div class="pricingContent">
                                <ul>
                                    <li>
                                        <b>50GB</b>
                                        Disk Space
                                    </li>
                                    <li>
                                        <b>50</b>
                                        Email Accounts
                                    </li>
                                    <li>
                                        <b>50GB</b>
                                        Monthly Bandwidth
                                    </li>
                                    <li>
                                        <b>50</b>
                                        Domains
                                    </li>
                                    <li>
                                        <b>Unlimited</b>
                                        Subdomains
                                    </li>
                                </ul>
                            </div><!-- /  CONTENT BOX-->

                            <div class="pricingTable-sign-up">
                                <a href="#" class="btn btn-block btn-default">sign up</a>
                            </div><!-- BUTTON BOX-->
                        </div>
                    </div>

                    <div class="col-md-3 col-sm-6">
                        <div class="pricingTable">
                            <div class="pricingTable-header">
                                <span class="heading">
                                    <h3>Premium</h3>
                                    <span class="subtitle">Lorem ipsum dolor</span>
                                </span>
                                <span class="price-value">
                                    <i class="fa fa-usd"></i>
                                    <span>30</span>
                                    <span class="mo">year</span>
                                </span>
                            </div>

                            <div class="pricingContent">
                                <ul>
                                    <li>
                                        <b>50GB</b>
                                        Disk Space
                                    </li>
                                    <li>
                                        <b>50</b>
                                        Email Accounts
                                    </li>
                                    <li>
                                        <b>50GB</b>
                                        Monthly Bandwidth
                                    </li>
                                    <li>
                                        <b>50</b>
                                        Domains
                                    </li>
                                    <li>
                                        <b>Unlimited</b>
                                        Subdomains
                                    </li>
                                </ul>
                            </div><!-- /  CONTENT BOX-->

                            <div class="pricingTable-sign-up">
                                <a href="#" class="btn btn-block btn-default">sign up</a>
                            </div><!-- BUTTON BOX-->
                        </div>
                    </div>

                    <div class="col-md-3 col-sm-6">
                        <div class="pricingTable">
                            <div class="pricingTable-header">
                                <span class="heading">
                                    <h3>Extra</h3>
                                    <span class="subtitle">Lorem ipsum dolor</span>
                                </span>
                                <span class="price-value">
                                    <i class="fa fa-usd"></i>
                                    <span>40</span>
                                    <span class="mo">year</span>
                                </span>
                            </div>

                            <div class="pricingContent">
                                <ul>
                                    <li>
                                        <b>50GB</b>
                                        Disk Space
                                    </li>
                                    <li>
                                        <b>50</b>
                                        Email Accounts
                                    </li>
                                    <li>
                                        <b>50GB</b>
                                        Monthly Bandwidth
                                    </li>
                                    <li>
                                        <b>50</b>
                                        Domains
                                    </li>
                                    <li>
                                        <b>Unlimited</b>
                                        Subdomains
                                    </li>
                                </ul>
                            </div><!-- /  CONTENT BOX-->

                            <div class="pricingTable-sign-up">
                                <a href="#" class="btn btn-block btn-default">sign up</a>
                            </div><!-- BUTTON BOX-->
                        </div>
                    </div>
                </div>
            </div>
        </section>

    </template>
</odoo>