<?xml version="1.0" encoding="utf-8" ?>
<odoo>

    <template id="tab_4" name="Tab 4">
        <section class="mt64 mb64 tab_4">
            <div class="container">
                <div class="row">
                    <div class="col-md-offset-2 col-md-8">
                        <div class="vertical-tab" role="tabpanel">
                            <!-- Nav tabs -->
                            <ul class="nav nav-tabs" role="tablist">
                                <li role="presentation" class="nav-item">
                                    <a href="#Section1111" aria-controls="home" role="tab"
                                       data-toggle="tab" class="nav-link show active"
                                       aria-expanded="false">Section 1
                                    </a>
                                </li>
                                <li role="presentation" class="nav-item">
                                    <a href="#Section2222" aria-controls="profile" role="tab"
                                       data-toggle="tab" class="nav-link"
                                       aria-expanded="false">Section 2
                                    </a>
                                </li>
                                <li role="presentation" class="nav-item">
                                    <a href="#Section3333" aria-controls="messages" role="tab"
                                       data-toggle="tab" class="nav-link"
                                       aria-expanded="true">Section 3
                                    </a>
                                </li>
                            </ul>
                            <!-- Tab panes -->
                            <div class="tab-content tabs">
                                <div role="tabpanel" class="tab-pane active" id="Section1111">
                                    <h3>Section 1</h3>
                                    <p>Lorem ipsum dolor sit amet, consectetur adipiscing elit. Fusce
                                        semper,
                                        magna a ultricies volutpat, mi eros viverra massa, vitae
                                        consequat nisi
                                        justo in tortor. Proin accumsan felis ac felis dapibus, non
                                        iaculis mi
                                        varius.
                                    </p>
                                </div>
                                <div role="tabpanel" class="tab-pane" id="Section2222">
                                    <h3>Section 2</h3>
                                    <p>Lorem ipsum dolor sit amet, consectetur adipiscing elit. Fusce
                                        semper,
                                        magna a ultricies volutpat, mi eros viverra massa, vitae
                                        consequat nisi
                                        justo in tortor. Proin accumsan felis ac felis dapibus, non
                                        iaculis mi
                                        varius.
                                    </p>
                                </div>
                                <div role="tabpanel" class="tab-pane" id="Section3333">
                                    <h3>Section 3</h3>
                                    <p>Lorem ipsum dolor sit amet, consectetur adipiscing elit. Fusce
                                        semper,
                                        magna a ultricies volutpat, mi eros viverra massa, vitae
                                        consequat nisi
                                        justo in tortor. Proin accumsan felis ac felis dapibus, non
                                        iaculis mi
                                        varius.
                                    </p>
                                </div>
                            </div>
                        </div>
                    </div>
                </div>
            </div>
        </section>
    </template>
</odoo>