<?xml version="1.0" encoding="utf-8" ?>
<odoo>

    <template id="tab_2" name="Tab 2">
        <section class="mt64 mb64 tab_2">
            <div class="container">
                <div class="row">
                    <div class="col-md-offset-3 col-md-6">
                        <div class="tab" role="tabpanel">
                            <!-- Nav tabs -->
                            <ul class="nav nav-tabs" role="tablist">
                                <li role="presentation" class="nav-item">
                                    <a href="#Section11" aria-controls="home" role="tab"
                                       data-toggle="tab" class="nav-link active show">
                                        <i class="fa fa-envelope-o"/>Section 1
                                    </a>
                                </li>
                                <li role="presentation" class="nav-item">
                                    <a href="#Section22" aria-controls="profile" role="tab"
                                       data-toggle="tab" class="nav-link"><i class="fa fa-cubes"/>Section 2
                                    </a>
                                </li>
                                <li role="presentation" class="nav-item">
                                    <a href="#Section33" aria-controls="messages" role="tab"
                                       data-toggle="tab" class="nav-link">
                                        <i class="fa fa-comments"/>Section 3
                                    </a>
                                </li>
                            </ul>
                            <!-- Tab panes -->
                            <div class="tab-content">
                                <div role="tabpanel" class="tab-pane active" id="Section11">
                                    <p>1 - Lorem ipsum dolor sit amet, consectetur adipiscing elit. Cras
                                        a
                                        blandit enim. Aliquam gravida orci id fringilla feugiat. Integer
                                        convallis ut ex quis semper. Suspendisse ut lobortis urna. Proin
                                        viverra, eros iaculis iaculis posuere, risus justo tincidunt ex,
                                        eget
                                        tempor lectus erat vel massa. Cum sociis natoque penatibus et
                                        magnis.
                                    </p>
                                </div>
                                <div role="tabpanel" class="tab-pane fade" id="Section22">
                                    <p>2 - Lorem ipsum dolor sit amet, consectetur adipiscing elit. Cras
                                        a
                                        blandit enim. Aliquam gravida orci id fringilla feugiat. Integer
                                        convallis ut ex quis semper. Suspendisse ut lobortis urna. Proin
                                        viverra, eros iaculis iaculis posuere, risus justo tincidunt ex,
                                        eget
                                        tempor lectus erat vel massa. Cum sociis natoque penatibus et
                                        magnis.
                                    </p>
                                </div>
                                <div role="tabpanel" class="tab-pane fade" id="Section33">
                                    <p>3 - Lorem ipsum dolor sit amet, consectetur adipiscing elit. Cras
                                        a
                                        blandit enim. Aliquam gravida orci id fringilla feugiat. Integer
                                        convallis ut ex quis semper. Suspendisse ut lobortis urna. Proin
                                        viverra, eros iaculis iaculis posuere, risus justo tincidunt ex,
                                        eget
                                        tempor lectus erat vel massa. Cum sociis natoque penatibus et
                                        magnis.
                                    </p>
                                </div>
                            </div>
                        </div>
                    </div>
                </div>
            </div>
        </section>
    </template>
</odoo>