<?xml version="1.0" encoding="utf-8" ?>
<odoo>

    <template id="testimonial_1" name="Testimonial 1">
        <section class="mt64 mb64 testimonial_1">
            <div class="container">
                <div class="row">
                    <div class="col-md-12 clearfix">
                        <div class="col-sm-offset-1 col-sm-10">
                            <div id="testimonial-slider" class="owl-carousel">
                                <div class="testimonial">
                                    <p class="description">
                                        "Lorem ipsum dolor sit amet, consectetur adipiscing elit. Sed
                                        lobortis
                                        odio ac eros sollicitudin consequat. Proin a tortor tortor.
                                        Nullam
                                        consequat dictum metus in vulputate. Pellentesque congue lectus
                                        justo,
                                        et."
                                    </p>

                                    <div class="testimonial-review">
                                        <div class="pic">
                                            <img src="/tecspek_customize_theme/static/src/img/t_img-1.jpg"
                                                 alt=""/>
                                        </div>
                                        <h4 class="testimonial-title">
                                            williamson
                                            <small>Web Developer</small>
                                        </h4>
                                    </div>
                                </div>
                                <div class="testimonial">
                                    <p class="description">
                                        "Lorem ipsum dolor sit amet, consectetur adipiscing elit. Sed
                                        lobortis
                                        odio ac eros sollicitudin consequat. Proin a tortor tortor.
                                        Nullam
                                        consequat dictum metus in vulputate. Pellentesque congue lectus
                                        justo,
                                        et."
                                    </p>

                                    <div class="testimonial-review">
                                        <div class="pic">
                                            <img src="/tecspek_customize_theme/static/src/img/t_img-2.jpg"
                                                 alt=""/>
                                        </div>
                                        <h4 class="testimonial-title">
                                            williamson
                                            <small>Web Developer</small>
                                        </h4>
                                    </div>
                                </div>
                                <div class="testimonial">
                                    <p class="description">
                                        "Lorem ipsum dolor sit amet, consectetur adipiscing elit. Sed
                                        lobortis
                                        odio ac eros sollicitudin consequat. Proin a tortor tortor.
                                        Nullam
                                        consequat dictum metus in vulputate. Pellentesque congue lectus
                                        justo,
                                        et."
                                    </p>

                                    <div class="testimonial-review">
                                        <div class="pic">
                                            <img src="/tecspek_customize_theme/static/src/img/t_img-3.jpg"
                                                 alt=""/>
                                        </div>
                                        <h4 class="testimonial-title">
                                            williamson
                                            <small>Web Developer</small>
                                        </h4>
                                    </div>
                                </div>
                                <div class="testimonial">
                                    <p class="description">
                                        "Lorem ipsum dolor sit amet, consectetur adipiscing elit. Sed
                                        lobortis
                                        odio ac eros sollicitudin consequat. Proin a tortor tortor.
                                        Nullam
                                        consequat dictum metus in vulputate. Pellentesque congue lectus
                                        justo,
                                        et."
                                    </p>

                                    <div class="testimonial-review">
                                        <div class="pic">
                                            <img src="/tecspek_customize_theme/static/src/img/t_img-1.jpg"
                                                 alt=""/>
                                        </div>
                                        <h4 class="testimonial-title">
                                            williamson
                                            <small>Web Developer</small>
                                        </h4>
                                    </div>
                                </div>
                            </div>
                        </div>
                    </div>
                </div>
            </div>
        </section>
    </template>
</odoo>