<?xml version="1.0" encoding="utf-8" ?>
<odoo>

    <template id="testimonial_5" name="Testimonial 5">
        <section class="mt64 mb64 testimonial_5 bg-gray-lighter">
            <div class="container">
                <div class="row mt64 mb64 ">
                    <div class="col-md-offset-2 col-md-8 ">
                        <div id="testimonial-slider-5" class="owl-carousel">
                            <div class="testimonial">
                                <p class="description">
                                    Lorem ipsum dolor sit amet, consectetur adipiscing elit. Phasellus
                                    molestie,
                                    justo nec convallis sollicitudin, sapien lorem dictum lacus, non
                                    consequat
                                    odio ipsum nec est. Sed mattis egestas elementum. Nulla facilisi.
                                    Quisque
                                    placerat risus ac nunc ornare tincidunt. Sed quis faucibus nunc.
                                    Pellentesque accumsan arcu mi, eget venenatis mauris.
                                </p>
                                <h3 class="title">williamson</h3>
                                <span class="post">Web Developer</span>
                            </div>

                            <div class="testimonial">
                                <p class="description">
                                    Lorem ipsum dolor sit amet, consectetur adipiscing elit. Phasellus
                                    molestie,
                                    justo nec convallis sollicitudin, sapien lorem dictum lacus, non
                                    consequat
                                    odio ipsum nec est. Sed mattis egestas elementum. Nulla facilisi.
                                    Quisque
                                    placerat risus ac nunc ornare tincidunt. Sed quis faucibus nunc.
                                    Pellentesque accumsan arcu mi, eget venenatis mauris.
                                </p>
                                <h3 class="title">Kristina</h3>
                                <span class="post">Web Designer</span>
                            </div>

                            <div class="testimonial">
                                <p class="description">
                                    Lorem ipsum dolor sit amet, consectetur adipiscing elit. Phasellus
                                    molestie,
                                    justo nec convallis sollicitudin, sapien lorem dictum lacus, non
                                    consequat
                                    odio ipsum nec est. Sed mattis egestas elementum. Nulla facilisi.
                                    Quisque
                                    placerat risus ac nunc ornare tincidunt. Sed quis faucibus nunc.
                                    Pellentesque accumsan arcu mi, eget venenatis mauris.
                                </p>
                                <h3 class="title">Miranda Joy</h3>
                                <span class="post">Web Developer</span>
                            </div>
                        </div>
                    </div>
                </div>
            </div>
        </section>
    </template>
</odoo>