<?xml version="1.0" encoding="utf-8" ?>
<odoo>

    <template id="testimonial_4" name="Testimonial 4">
        <section class="mt64 mb64 testimonial_4">
            <div class="container">
                <div class="row">
                    <div class="col-md-12">
                        <div id="testimonial-slider-4" class="owl-carousel">
                            <div class="testimonial">
                                <div class="pic">
                                    <img src="/tecspek_customize_theme/static/src/img/t_img-1.jpg"
                                         alt=""/>
                                </div>
                                <div class="testimonial-content">
                                    <h3 class="testimonial-title">Williamson
                                        <small class="post">Web Designer</small>
                                    </h3>
                                    <p class="description">
                                        Lorem ipsum dolor sit amet, consectetur adipisicing elit. A
                                        aliquam amet
                                        animi blanditiis consequatur debitis dicta distinctio, enim
                                        error eum
                                        iste libero modi nam natus perferendis possimus quasi sint sit
                                        tempora
                                        voluptatem. Est, exercitationem id ipsa ipsum laboriosam
                                        perferendis
                                        temporibus!
                                    </p>
                                </div>
                            </div>

                            <div class="testimonial">
                                <div class="pic">
                                    <img src="/tecspek_customize_theme/static/src/img/t_img-2.jpg"
                                         alt=""/>
                                </div>
                                <div class="testimonial-content">
                                    <h3 class="testimonial-title">kristiana
                                        <small class="post">Web Developer</small>
                                    </h3>
                                    <p class="description">
                                        Lorem ipsum dolor sit amet, consectetur adipisicing elit. A
                                        aliquam amet
                                        animi blanditiis consequatur debitis dicta distinctio, enim
                                        error eum
                                        iste libero modi nam natus perferendis possimus quasi sint sit
                                        tempora
                                        voluptatem. Est, exercitationem id ipsa ipsum laboriosam
                                        perferendis
                                        temporibus!
                                    </p>
                                </div>
                            </div>
                            <div class="testimonial">
                                <div class="pic">
                                    <img src="/tecspek_customize_theme/static/src/img/t_img-3.jpg"
                                         alt=""/>
                                </div>
                                <div class="testimonial-content">
                                    <h3 class="testimonial-title">Williamson
                                        <small class="post">Web Designer</small>
                                    </h3>
                                    <p class="description">
                                        Lorem ipsum dolor sit amet, consectetur adipisicing elit. A
                                        aliquam amet
                                        animi blanditiis consequatur debitis dicta distinctio, enim
                                        error eum
                                        iste libero modi nam natus perferendis possimus quasi sint sit
                                        tempora
                                        voluptatem. Est, exercitationem id ipsa ipsum laboriosam
                                        perferendis
                                        temporibus!
                                    </p>
                                </div>
                            </div>

                        </div>
                    </div>
                </div>
            </div>
        </section>
    </template>
</odoo>