<?xml version="1.0" encoding="utf-8" ?>
<odoo>

    <template id="testimonial_2" name="Testimonial 2">
        <section class="mt64 mb64 testimonial_2">
            <div class="container">
                <div class="row">
                    <div class="col-md-12">
                        <div id="testimonial-slider-2" class="owl-carousel">
                            <div class="testimonial">
                                <div class="description">
                                    <p>
                                        Lorem ipsum dolor sit amet, consectetur adipiscing elit. Vivamus
                                        ipsum
                                        augue, lacinia vel arcu condimentum, dictum tristique sem. Nam
                                        enim
                                        neque, mattis ut fermentum vitae, venenatis id tortor. Sed
                                        consectetur
                                        tortor ut arcu pharetra faucibus. In tristique sollicitudin mi
                                        ac
                                        congue. Praesent efficitur feugiat nisl, nec facilisis leo
                                        sollicitudin
                                        sed. Integer egestas porttitor massa, ut dapibus sapien feugiat
                                        eget.
                                        Nam.
                                    </p>
                                </div>
                                <div class="testimonial-review">
                                    <img src="/tecspek_customize_theme/static/src/img/t_img-1.jpg"
                                         alt=""/>
                                    <h3 class="testimonial-title">
                                        williamson
                                        <small>Web Developer</small>
                                    </h3>
                                    <ul class="rating">
                                        <li>
                                            <i class="fa fa-star"></i>
                                        </li>
                                        <li>
                                            <i class="fa fa-star"></i>
                                        </li>
                                        <li>
                                            <i class="fa fa-star"></i>
                                        </li>
                                        <li>
                                            <i class="fa fa-star"></i>
                                        </li>
                                        <li>
                                            <i class="fa fa-star-half-o"></i>
                                        </li>
                                    </ul>
                                </div>
                            </div>
                            <div class="testimonial">
                                <div class="description">
                                    <p>
                                        Lorem ipsum dolor sit amet, consectetur adipiscing elit. Vivamus
                                        ipsum
                                        augue, lacinia vel arcu condimentum, dictum tristique sem. Nam
                                        enim
                                        neque, mattis ut fermentum vitae, venenatis id tortor. Sed
                                        consectetur
                                        tortor ut arcu pharetra faucibus. In tristique sollicitudin mi
                                        ac
                                        congue. Praesent efficitur feugiat nisl, nec facilisis leo
                                        sollicitudin
                                        sed. Integer egestas porttitor massa, ut dapibus sapien feugiat
                                        eget.
                                        Nam.
                                    </p>
                                </div>
                                <div class="testimonial-review">
                                    <img src="/tecspek_customize_theme/static/src/img/t_img-2.jpg"
                                         alt=""/>
                                    <h3 class="testimonial-title">
                                        kristiana
                                        <small>Web Desginer</small>
                                    </h3>
                                    <ul class="rating">
                                        <li>
                                            <i class="fa fa-star"></i>
                                        </li>
                                        <li>
                                            <i class="fa fa-star"></i>
                                        </li>
                                        <li>
                                            <i class="fa fa-star"></i>
                                        </li>
                                        <li>
                                            <i class="fa fa-star"></i>
                                        </li>
                                        <li>
                                            <i class="fa fa-star-half-o"></i>
                                        </li>
                                    </ul>
                                </div>
                            </div>
                            <div class="testimonial">
                                <div class="description">
                                    <p>
                                        Lorem ipsum dolor sit amet, consectetur adipiscing elit. Vivamus
                                        ipsum
                                        augue, lacinia vel arcu condimentum, dictum tristique sem. Nam
                                        enim
                                        neque, mattis ut fermentum vitae, venenatis id tortor. Sed
                                        consectetur
                                        tortor ut arcu pharetra faucibus. In tristique sollicitudin mi
                                        ac
                                        congue. Praesent efficitur feugiat nisl, nec facilisis leo
                                        sollicitudin
                                        sed. Integer egestas porttitor massa, ut dapibus sapien feugiat
                                        eget.
                                        Nam.
                                    </p>
                                </div>
                                <div class="testimonial-review">
                                    <img src="/tecspek_customize_theme/static/src/img/t_img-1.jpg"
                                         alt=""/>
                                    <h3 class="testimonial-title">
                                        williamson
                                        <small>Web Developer</small>
                                    </h3>
                                    <ul class="rating">
                                        <li>
                                            <i class="fa fa-star"></i>
                                        </li>
                                        <li>
                                            <i class="fa fa-star"></i>
                                        </li>
                                        <li>
                                            <i class="fa fa-star"></i>
                                        </li>
                                        <li>
                                            <i class="fa fa-star"></i>
                                        </li>
                                        <li>
                                            <i class="fa fa-star-half-o"></i>
                                        </li>
                                    </ul>
                                </div>
                            </div>

                        </div>
                    </div>
                </div>
            </div>
        </section>
    </template>
</odoo>