<?xml version="1.0" encoding="utf-8"?>
<odoo>
    <!-- Rules -->
    <record id="management_bug_rule_all_user" model="ir.rule">
        <field name="name">Management bug all user</field>
        <field name="model_id" ref="model_management_bug"/>
        <field name="domain_force">[(1, '=', 1)]</field>
        <field name="groups" eval="[(4, ref('base.group_user'))]"/>
    </record>
    <record id="configuration_bug_rule_all_user" model="ir.rule">
        <field name="name">Configuration bug all user</field>
        <field name="model_id" ref="model_configuration_bug"/>
        <field name="domain_force">[(1, '=', 1)]</field>
        <field name="groups" eval="[(4, ref('base.group_user'))]"/>
    </record>
     <record id="team_support_rule_all_user" model="ir.rule">
        <field name="name">Team Support all user</field>
        <field name="model_id" ref="model_team_support"/>
        <field name="domain_force">[(1, '=', 1)]</field>
        <field name="groups" eval="[(4, ref('base.group_user'))]"/>
    </record>
</odoo>
