<?xml version="1.0" encoding="UTF-8"?>
<templates xml:space="preserve">

    <t t-name="web_progress.ProgressMenu">
        <li class="o_mail_systray_item">
            <a class="dropdown-toggle o-no-caret" data-toggle="dropdown" data-display="static" aria-expanded="false" title="Progress" href="#" role="button">
                <i class="fa fa-spinner"/> <span class="o_notification_counter badge badge-pill"/>
            </a>
            <div class="o_mail_systray_dropdown dropdown-menu  dropdown-menu-right" role="menu">
                <div class="o_mail_systray_dropdown_items o_progress_systray text-center"/>
            </div>
        </li>
    </t>

</templates>
