id,name,model_id:id,group_id:id,perm_read,perm_write,perm_create,perm_unlink
access_html_form_system,Access html.form System,model_html_form,base.group_system,1,1,1,1
access_html_form_field_system,Access html.form.field System,model_html_form_field,base.group_system,1,1,1,1
access_html_form_defaults_system,Access html.form.defaults System,model_html_form_defaults,base.group_system,1,1,1,1
access_html_form_history_system,Access html.form.history System,model_html_form_history,base.group_system,1,0,0,0
access_html_form_history_field_system,Access html.form.history.field System,model_html_form_history_field,base.group_system,1,0,0,0
access_html_form_field_type_system,Access html.form.field.type System,model_html_form_field_type,,1,0,0,0
access_html_form_captcha,Access html.form.captcha,model_html_form_captcha,,1,0,0,0
access_html_form_action_type,Access html.form.action.type,model_html_form_action_type,,1,0,0,0
access_html_form_defaults,Access html.form.defaults,model_html_form_defaults,,1,0,0,0
access_html_form_history,Access html.form.history,model_html_form_history,,1,0,0,0
access_html_form_history_field,Access html.form.history.field,model_html_form_history_field,,1,0,0,0
access_html_form_action,Access html.form.action,model_html_form_action,website.group_website_designer,1,1,1,1
access_html_form_designer,access_html_form_designer,ips_html_form_builder.model_html_form,website.group_website_designer,1,0,0,0
access_html_form_field_designer,access_html_form_field_designer,ips_html_form_builder.model_html_form_field,website.group_website_designer,1,0,0,0
access_html_form_field_type_designer,access_html_form_field_type_designer,ips_html_form_builder.model_html_form_field_type,website.group_website_designer,1,0,0,0
access_html_form_snippet_action,access html.form.snippet.action,model_html_form_snippet_action,,1,0,0,0
