<?xml version="1.0" encoding="utf-8"?>
<!-- Copyright Nova Code (http://www.novacode.nl)
See LICENSE file for full licensing details. -->

<odoo>
    <data>
        <record id="default_attachment_css_bootstrap_4_1_3" model="ir.attachment">
            <field name="name">bootstrap 4.1.3 (bootstrap.min.css)</field>
            <field name="type">url</field>
            <field name="res_model">formio.default.asset.css</field>
            <field name="public" eval="True"/>
            <field name="url">/formio/static/lib/bootstrap/4.1.3/bootstrap.min.css</field>
        </record>

        <record id="default_asset_css_bootstrap_4_1_3" model="formio.default.asset.css">
            <field name="attachment_id" ref="formio.default_attachment_css_bootstrap_4_1_3"/>
            <field name="active">True</field>
        </record>
    </data>
</odoo>
