<?xml version="1.0" encoding="utf-8"?>
<odoo noupdate="1">
    <record model="configuration.bug" id="configuration01">
        <field name="name">Route log odoo</field>
        <field name="active">True</field>
        <field name="route">/var/log/odoo</field>
    </record>

    <record model="project.project" id="project01">
        <field name="name">Bugs and Issues</field>
        <field name="privacy_visibility">followers</field>
    </record>

    <record model="team.support" id="support01">
        <field name="name">Support Team</field>
    </record>

    <record model="team.support" id="support02">
        <field name="name">Development Team</field>
    </record>

    <record model="team.support" id="support03">
        <field name="name">QA Testing Team</field>
    </record>

    <!-- ir cron -->
    <record id="ir_cron_check_log_odoo" model="ir.cron">
        <field name="name">Check Log System Odoo</field>
        <field name="model_id" ref="model_management_bug"/>
        <field name="state">code</field>
        <field name="code">model.action_check_all_bugs()</field>
        <field name="user_id" ref="base.user_root"/>
        <field name="interval_number">30</field>
        <field name="interval_type">minutes</field>
        <field name="numbercall">-1</field>
        <field name="nextcall" eval="(DateTime.now() + timedelta(minutes=30)).strftime('%Y-%m-%d %H:%M:%S')"/>
        <field eval="False" name="doall"/>
    </record>
</odoo>