<?xml version="1.0" encoding="utf-8"?>
<!-- Copyright Nova Code (http://www.novacode.nl)
See LICENSE file for full licensing details. -->

<odoo>
    <data>
        <record id="formio_builder_demo_website" model="formio.builder">
            <field name="name">website_demo_1</field>
            <field name="title">Demo - Form.io Website Snippet (public form)</field>
            <field name="formio_version_id" ref="formio.version_4_9_26"/>
            <field name="public" eval="True"/>
            <field name="state">CURRENT</field>
            <field name="schema">{"components": [{"label": "Columns", "columns": [{"components": [{"label": "Firstname", "spellcheck": true, "tableView": true, "calculateServer": false, "validate": {"required": true}, "key": "firstname", "type": "textfield", "input": true, "hideOnChildrenHidden": false}], "width": 6, "offset": 0, "push": 0, "pull": 0, "size": "md"}, {"components": [{"label": "Lastname", "spellcheck": true, "tableView": true, "calculateServer": false, "validate": {"required": true}, "key": "lastname", "type": "textfield", "input": true, "hideOnChildrenHidden": false}], "width": 6, "offset": 0, "push": 0, "pull": 0, "size": "md"}], "tableView": false, "key": "columns", "type": "columns", "input": false}, {"label": "Columns", "columns": [{"components": [{"label": "Email", "spellcheck": true, "tableView": true, "calculateServer": false, "validate": {"required": true}, "key": "email", "type": "email", "input": true, "hideOnChildrenHidden": false}], "width": 6, "offset": 0, "push": 0, "pull": 0, "size": "md"}, {"components": [{"label": "Company", "spellcheck": true, "tableView": true, "calculateServer": false, "key": "company", "type": "textfield", "input": true, "hideOnChildrenHidden": false}], "width": 6, "offset": 0, "push": 0, "pull": 0, "size": "md"}], "tableView": false, "key": "columns1", "type": "columns", "input": false}, {"label": "Question", "autoExpand": false, "spellcheck": true, "tableView": true, "calculateServer": false, "validate": {"required": true}, "key": "question", "type": "textarea", "input": true}, {"type": "button", "label": "Submit", "key": "submit", "disableOnInvalid": true, "input": true, "tableView": true, "hideOnChildrenHidden": false, "alwaysEnabled": false}]}</field>
        </record>
    </data>
</odoo>
