<?xml version="1.0" encoding="utf-8"?>
<!-- Copyright Nova Code (http://www.novacode.nl)
See LICENSE file for full licensing details. -->

<odoo>
    <data noupdate="1">
        <record id="formio_thankyou" model="ir.ui.view">
            <field name="name">Form.io: Thank you (form submission)</field>
            <field name="type">qweb</field>
            <field name="key">website_formio.formio_thankyou</field>
            <field name="arch" type="xml">
                <t name="Form.io: Thank you (form submission)" t-name="website_formio.formio_thankyou">
                    <t t-call="website.layout">
                        <div id="wrap" class="oe_structure oe_empty">
                            <section class="s_text_block pt32 pb0">
                                <div class="container">
                                    <div class="row">
                                        <div class="col-lg-10 offset-lg-1 pt0 pb24">
                                            <div class="s_alert clearfix w-100 s_alert_md alert-alpha">
                                                <i class="fa fa-2x fa-info-circle s_alert_icon"/>
                                                <div class="s_alert_content">
                                                    <p>
                                                        <font style="font-size: 18px;">Thank you for your form submission</font>
                                                        <br/>
                                                    </p>
                                                </div>
                                            </div>
                                            <p class="lead" style="text-align: center;">
                                                <br/>
                                            </p>
                                            <p class="lead" style="text-align: center;">You can use the links below to go further.</p>
                                        </div>
                                    </div>
                                </div>
                            </section>
                            <section class="s_text_block pb0 pt0">
                                <div class="container">
                                    <div class="row">
                                        <div class="col-lg-6 pb0 pt0">
                                            <div class="s_btn pt16 pb16 text-right" data-name="Buttons">
                                                <a href="/my/formio" class="btn btn-primary btn-lg" data-original-title="" title="" aria-describedby="tooltip645344">My forms</a>
                                            </div>
                                        </div>
                                        <div class="col-lg-6 pt0 pb0">
                                            <div class="s_btn pt16 pb16 text-left" data-name="Buttons">
                                                <a href="/web/session/logout" class="btn btn-primary btn-lg" data-original-title="" title="">Log out</a>
                                            </div>
                                        </div>
                                    </div>
                                </div>
                            </section>
                        </div>
                    </t>
                </t>
            </field>
        </record>
        
        <record id="formio_thankyou_page" model="website.page">
            <field name="website_published">True</field>
            <field name="url">/formio-thankyou</field>
            <field name="view_id" ref="formio_thankyou"/>
        </record>
    </data>
</odoo>
